Movie_id,title,release_date,budget,revenue,runtime,homepage,tagline,vote_count,vote_average,
19995,Avatar,2009-12-10,237000000.0,2787965087.0,162,http://www.avatarmovie.com/,Enter the World of Pandora.,11800,7.2,
285,Pirates of the Caribbean: At World's End,2007-05-19,300000000.0,961000000.0,169,http://disney.go.com/disneypictures/pirates/,At the end of the world  the adventure begins.,4500,6.9,
206647,Spectre,2015-10-26,245000000.0,880674609.0,148,http://www.sonypictures.com/movies/spectre/,A Plan No One Escapes,4466,6.3,
49026,The Dark Knight Rises,2012-07-16,250000000.0,1084939099.0,165,http://www.thedarkknightrises.com/,The Legend Ends,9106,7.6,
49529,John Carter,2012-03-07,260000000.0,284139100.0,132,http://movies.disney.com/john-carter,Lost in our world  found in another.,2124,6.1,
559,Spider-Man 3,2007-05-01,258000000.0,890871626.0,139,http://www.sonypictures.com/movies/spider-man3/,The battle within.,3576,5.9,
38757,Tangled,2010-11-24,260000000.0,591794936.0,100,http://disney.go.com/disneypictures/tangled/,They're taking adventure to new lengths.,3330,7.4,
99861,Avengers: Age of Ultron,2015-04-22,280000000.0,1405403694.0,141,http://marvel.com/movies/movie/193/avengers_age_of_ultron,A New Age Has Come.,6767,7.3,
767,Harry Potter and the Half-Blood Prince,2009-07-07,250000000.0,933959197.0,153,http://harrypotter.warnerbros.com/harrypotterandthehalf-bloodprince/dvd/index.html,Dark Secrets Revealed,5293,7.4,
209112,Batman v Superman: Dawn of Justice,2016-03-23,250000000.0,873260194.0,151,http://www.batmanvsupermandawnofjustice.com/,Justice or revenge,7004,5.7,
1452,Superman Returns,2006-06-28,270000000.0,391081192.0,154,http://www.superman.com,nan,1400,5.4,
10764,Quantum of Solace,2008-10-30,200000000.0,586090727.0,106,http://www.mgm.com/view/movie/234/Quantum-of-Solace/,For love  for hate  for justice  for revenge.,2965,6.1,
58,Pirates of the Caribbean: Dead Man's Chest,2006-06-20,200000000.0,1065659812.0,151,http://disney.go.com/disneypictures/pirates/,Jack is back!,5246,7.0,
57201,The Lone Ranger,2013-07-03,255000000.0,89289910.0,149,http://disney.go.com/the-lone-ranger/,Never Take Off the Mask,2311,5.9,
49521,Man of Steel,2013-06-12,225000000.0,662845518.0,143,http://www.manofsteel.com/,You will believe that a man can fly.,6359,6.5,
2454,The Chronicles of Narnia: Prince Caspian,2008-05-15,225000000.0,419651413.0,150,nan,Hope has a new face.,1630,6.3,
24428,The Avengers,2012-04-25,220000000.0,1519557910.0,143,http://marvel.com/avengers_movie/,Some assembly required.,11776,7.4,
1865,Pirates of the Caribbean: On Stranger Tides,2011-05-14,380000000.0,1045713802.0,136,http://disney.go.com/pirates/index-on-stranger-tides.html#/video/,Live Forever Or Die Trying.,4948,6.4,
41154,Men in Black 3,2012-05-23,225000000.0,624026776.0,106,http://www.sonypictures.com/movies/meninblack3/,They are back... in time.,4160,6.2,
122917,The Hobbit: The Battle of the Five Armies,2014-12-10,250000000.0,956019788.0,144,http://www.thehobbit.com/,Witness the defining chapter of the Middle-Earth saga,4760,7.1,
1930,The Amazing Spider-Man,2012-06-27,215000000.0,752215857.0,136,http://www.theamazingspiderman.com,The untold story begins.,6586,6.5,
20662,Robin Hood,2010-05-12,200000000.0,310669540.0,140,http://www.robinhoodthemovie.com/,Rise and rise again  until lambs become lions.,1398,6.2,
57158,The Hobbit: The Desolation of Smaug,2013-12-11,250000000.0,958400000.0,161,http://www.thehobbit.com/,Beyond darkness... beyond desolation... lies the greatest danger of all.,4524,7.6,
2268,The Golden Compass,2007-12-04,180000000.0,372234864.0,113,http://www.goldencompassmovie.com/index_german.html,There are worlds beyond our own - the compass will show the way.,1303,5.8,
254,King Kong,2005-12-14,207000000.0,550000000.0,187,nan,The eighth wonder of the world.,2337,6.6,
597,Titanic,1997-11-18,200000000.0,1845034188.0,194,http://www.titanicmovie.com,Nothing on Earth could come between them.,7562,7.5,
271110,Captain America: Civil War,2016-04-27,250000000.0,1153304495.0,147,http://marvel.com/captainamericapremiere,Divided We Fall,7241,7.1,
44833,Battleship,2012-04-11,209000000.0,303025485.0,131,nan,The Battle for Earth Begins at Sea,2114,5.5,
135397,Jurassic World,2015-06-09,150000000.0,1513528810.0,124,http://www.jurassicworld.com/,The park is open.,8662,6.5,
37724,Skyfall,2012-10-25,200000000.0,1108561013.0,143,http://www.skyfall-movie.com,Think on your sins.,7604,6.9,
558,Spider-Man 2,2004-06-25,200000000.0,783766341.0,127,http://www.sonypictures.com/movies/spider-man2/,There's a hero in all of us.,4321,6.7,
68721,Iron Man 3,2013-04-18,200000000.0,1215439994.0,130,http://marvel.com/ironman3,Unleash the power behind the armor.,8806,6.8,
12155,Alice in Wonderland,2010-03-03,200000000.0,1025491110.0,108,http://disney.go.com/wonderland/,You're invited to a very important date.,4645,6.4,
36668,X-Men: The Last Stand,2006-05-24,210000000.0,459359555.0,104,nan,Take a Stand,3525,6.3,
62211,Monsters University,2013-06-20,200000000.0,743559607.0,104,nan,School never looked this scary.,3528,7.0,
8373,Transformers: Revenge of the Fallen,2009-06-19,150000000.0,836297228.0,150,http://www.transformersmovie.com/,Revenge is coming.,3138,6.0,
91314,Transformers: Age of Extinction,2014-06-25,210000000.0,1091405097.0,165,http://www.transformersmovie.com,This is not war. It's extinction.,3095,5.8,
68728,Oz: The Great and Powerful,2013-03-07,200000000.0,491868548.0,130,http://www.ozthegreatandpowerfulmovie.com,In Oz  nothing is what it seems,3530,5.7,
102382,The Amazing Spider-Man 2,2014-04-16,200000000.0,705717432.0,142,http://www.theamazingspiderman.com,No more secrets.,4179,6.5,
20526,TRON: Legacy,2010-12-10,170000000.0,400062763.0,125,http://disney.go.com/tron/,The Game Has Changed.,2841,6.3,
49013,Cars 2,2011-06-11,200000000.0,559852396.0,106,http://www.disney.go.com/cars/,Ka-ciao!,2033,5.8,
44912,Green Lantern,2011-06-16,200000000.0,219851172.0,114,http://greenlanternmovie.warnerbros.com/,In our darkest hour  there will be light.,2487,5.1,
10193,Toy Story 3,2010-06-16,200000000.0,1066969703.0,103,http://disney.go.com/toystory/,No toy gets left behind.,4597,7.6,
534,Terminator Salvation,2009-05-20,200000000.0,371353001.0,115,https://www.warnerbros.com/terminator-salvation,The End Begins.,2463,5.9,
168259,Furious 7,2015-04-01,190000000.0,1506249360.0,137,http://www.furious7.com/,Vengeance Hits Home,4176,7.3,
72190,World War Z,2013-06-20,200000000.0,531865000.0,116,http://www.worldwarzmovie.com,Remember Philly!,5560,6.7,
127585,X-Men: Days of Future Past,2014-05-15,250000000.0,747862775.0,131,http://www.x-menmovies.com/,To save the future  they must alter the past,6032,7.5,
54138,Star Trek Into Darkness,2013-05-05,190000000.0,467365246.0,132,nan,Earth Will Fall,4418,7.4,
81005,Jack the Giant Slayer,2013-02-27,195000000.0,197687603.0,114,http://jackthegiantkiller.warnerbros.com,Prepare for a giant adventure,2598,5.5,
64682,The Great Gatsby,2013-05-10,105000000.0,351040419.0,143,nan,Reserving judgments is a matter of infinite hope... I come to the admission that it has a limit.,3769,7.3,
9543,Prince of Persia: The Sands of Time,2010-05-19,150000000.0,335154643.0,116,http://disney.go.com/disneypictures/princeofpersia,Defy the Future,2317,6.2,
68726,Pacific Rim,2013-07-11,180000000.0,407602906.0,131,http://www.pacificrimmovie.com/,To Fight Monsters  We Created Monsters,4794,6.7,
38356,Transformers: Dark of the Moon,2011-06-28,195000000.0,1123746996.0,154,http://www.transformersmovie.com/,The invasion we always feared. An enemy we never expected.,3299,6.1,
217,Indiana Jones and the Kingdom of the Crystal Skull,2008-05-21,185000000.0,786636033.0,122,http://www.indianajones.com/site/index.html,The adventure continues . . .,2495,5.7,
105864,The Good Dinosaur,2015-11-14,175000000.0,331926147.0,93,http://movies.disney.com/the-good-dinosaur,Little Arms With Big Attitude,1736,6.6,
62177,Brave,2012-06-21,185000000.0,538983207.0,93,http://disney.go.com/brave/#/home,Change your fate.,4641,6.7,
188927,Star Trek Beyond,2016-07-07,185000000.0,343471816.0,122,http://www.startrekmovie.com/,nan,2568,6.6,
10681,WALL·E,2008-06-22,180000000.0,521311860.0,98,http://disney.go.com/disneypictures/wall-e/,An adventure beyond the ordinar-E.,6296,7.8,
5174,Rush Hour 3,2007-08-08,140000000.0,258022233.0,91,nan,The Rush Is On!,783,6.1,
14161,2012,2009-10-10,200000000.0,769653595.0,158,http://www.sonypictures.com/movies/2012,We Were Warned.,4903,5.6,
17979,A Christmas Carol,2009-11-04,200000000.0,325233863.0,96,http://disney.go.com/disneypictures/achristmascarol/?cmp=dcom_VAN_WDSHE_ACC_van_dcomcc__Extl,Season's Greedings,1095,6.6,
76757,Jupiter Ascending,2015-02-04,176000003.0,183987723.0,124,http://www.jupiterascending.com,Expand your universe.,2768,5.2,
258489,The Legend of Tarzan,2016-06-29,180000000.0,356743061.0,109,http://legendoftarzan.com,Human. Nature.,2430,5.5,
411,The Chronicles of Narnia: The Lion the Witch and the Wardrobe,2005-12-07,180000000.0,748806957.0,143,nan,Evil Has Reigned For 100 Years...,2629,6.7,
246655,X-Men: Apocalypse,2016-05-18,178000000.0,543934787.0,144,http://www.foxmovies.com/movies/x-men-apocalypse,Only the strong will survive,4721,6.4,
155,The Dark Knight,2008-07-16,185000000.0,1004558444.0,152,http://thedarkknight.warnerbros.com/dvdsite/,Why So Serious?,12002,8.2,
14160,Up,2009-05-13,175000000.0,735099082.0,96,http://disney.go.com/disneypictures/up/,nan,6870,7.7,
15512,Monsters vs Aliens,2009-03-19,175000000.0,381509870.0,94,http://www.monstersvsaliens.com/,When aliens attack  monsters fight back.,1423,6.0,
1726,Iron Man,2008-04-30,140000000.0,585174222.0,126,http://www.ironmanmovie.com/,Heroes aren't born. They're built.,8776,7.4,
44826,Hugo,2011-11-22,170000000.0,185770160.0,126,http://www.hugomovie.com/,One of the most legendary directors of our time takes you on an extraordinary adventure.,2141,7.0,
8487,Wild Wild West,1999-06-29,170000000.0,222104681.0,106,nan,It's a whole new west.,1020,5.1,
1735,The Mummy: Tomb of the Dragon Emperor,2008-07-01,145000000.0,401128639.0,112,http://www.themummy.com/,A New Evil Awakens.,1387,5.2,
297761,Suicide Squad,2016-08-02,175000000.0,745000000.0,123,http://www.suicidesquad.com/,Worst Heroes Ever,7458,5.9,
2698,Evan Almighty,2007-06-09,175000000.0,173000000.0,96,http://www.evanalmighty.com/,A comedy of biblical proportions,1151,5.3,
137113,Edge of Tomorrow,2014-05-27,178000000.0,370541256.0,113,http://www.edgeoftomorrowmovie.com/,Live  Die  Repeat,4858,7.6,
9804,Waterworld,1995-07-28,175000000.0,264218220.0,135,nan,Beyond the horizon lies the secret to a new beginning.,992,5.9,
14869,G.I. Joe: The Rise of Cobra,2009-08-04,175000000.0,302469017.0,118,http://www.gijoemovie.com/,When all else fails  they don't.,1962,5.6,
150540,Inside Out,2015-06-09,175000000.0,857611174.0,94,http://movies.disney.com/inside-out,Meet the little voices inside your head.,6560,8.0,
278927,The Jungle Book,2016-04-07,175000000.0,966550600.0,106,http://movies.disney.com/the-jungle-book-2016,nan,2892,6.7,
10138,Iron Man 2,2010-04-28,200000000.0,623933331.0,124,http://www.ironmanmovie.com/,It's not the armor that makes the hero  but the man inside.,6849,6.6,
58595,Snow White and the Huntsman,2012-05-30,170000000.0,396600000.0,127,http://www.snowwhiteandthehuntsman.com/,The Fairytale is Over,3118,5.8,
102651,Maleficent,2014-05-28,180000000.0,758539785.0,97,http://movies.disney.com/maleficent,Don't believe the fairy tale.,4496,7.0,
119450,Dawn of the Planet of the Apes,2014-06-26,170000000.0,710644566.0,130,http://www.dawnofapes.com/,One last chance for peace.,4410,7.3,
79698,The Lovers,2015-02-13,27000000.0,,109,nan,Love is longer than life.,34,4.8,
64686,47 Ronin,2013-12-06,175000000.0,150962475.0,119,nan,For courage. For loyalty. For honor.,1326,5.9,
100402,Captain America: The Winter Soldier,2014-03-20,170000000.0,714766572.0,136,http://www.captainamericathewintersoldiermovie.com,In heroes we trust.,5764,7.6,
10192,Shrek Forever After,2010-05-16,165000000.0,752600867.0,93,http://www.shrekforeverafter.com/,It ain't Ogre... Til it's Ogre,1959,6.0,
158852,Tomorrowland,2015-05-19,190000000.0,209154322.0,130,http://movies.disney.com/tomorrowland,Imagine a world where nothing is impossible.,2846,6.2,
177572,Big Hero 6,2014-10-24,165000000.0,652105443.0,102,http://movies.disney.com/big-hero-6,From the creators of Wreck-it Ralph and Frozen,6135,7.8,
82690,Wreck-It Ralph,2012-11-01,165000000.0,471222889.0,108,http://disney.go.com/wreck-it-ralph,The story of a regular guy just looking for a little wreck-ognition.,4570,7.1,
5255,The Polar Express,2004-11-10,165000000.0,305875730.0,100,nan,This holiday season... believe.,1474,6.4,
47933,Independence Day: Resurgence,2016-06-22,165000000.0,389681935.0,120,http://www.warof1996.com,We had twenty years to prepare. So did they.,2491,4.9,
10191,How to Train Your Dragon,2010-03-05,165000000.0,494878759.0,98,http://www.howtotrainyourdragon.com/,One adventure will change two worlds,4227,7.5,
296,Terminator 3: Rise of the Machines,2003-07-02,200000000.0,435000000.0,109,nan,The Machines Will Rise.,2143,5.9,
118340,Guardians of the Galaxy,2014-07-30,170000000.0,773328629.0,121,http://marvel.com/guardians,All heroes start somewhere.,9742,7.9,
157336,Interstellar,2014-11-05,165000000.0,675120017.0,169,http://www.interstellarmovie.net/,Mankind was born on Earth. It was never meant to die here.,10867,8.1,
27205,Inception,2010-07-14,160000000.0,825532764.0,148,http://inceptionmovie.warnerbros.com/,Your mind is the scene of the crime.,13752,8.1,
315011,Shin Godzilla,2016-07-29,15000000.0,77000000.0,120,nan,A god incarnate. A city doomed.,143,6.5,
49051,The Hobbit: An Unexpected Journey,2012-11-26,250000000.0,1021103568.0,169,http://www.thehobbit.com/,From the smallest beginnings come the greatest legends.,8297,7.0,
9799,The Fast and the Furious,2001-06-22,38000000.0,207283925.0,106,nan,Live life 1/4 mile at a time.,3428,6.6,
4922,The Curious Case of Benjamin Button,2008-11-24,150000000.0,333932083.0,166,http://www.benjaminbutton.com/,Life isn't measured in minutes  but in moments.,3292,7.3,
49538,X-Men: First Class,2011-05-24,160000000.0,353624124.0,132,http://www.x-menfirstclassmovie.com/,Witness the moment that will change our world.,5181,7.1,
131634,The Hunger Games: Mockingjay - Part 2,2015-11-18,160000000.0,653428261.0,137,http://www.thehungergames.movie/,The fire will burn forever.,3984,6.6,
27022,The Sorcerer's Apprentice,2010-07-13,150000000.0,215283742.0,109,http://disney.go.com/disneypictures/sorcerersapprentice/,It's The Coolest Job Ever.,1470,5.8,
503,Poseidon,2006-05-12,160000000.0,181674817.0,99,http://www2.warnerbros.com/poseidon/,Mayday,583,5.5,
241259,Alice Through the Looking Glass,2016-05-25,170000000.0,299370084.0,113,http://movies.disney.com/alice-through-the-looking-glass,It's time for a little madness.,1725,6.5,
810,Shrek the Third,2007-05-17,160000000.0,798958165.0,93,http://www.shrekthethird.com/flash/index.html,Who's ready for Thirds?,2278,6.0,
68735,Warcraft,2016-05-25,160000000.0,433677183.0,123,http://www.warcraft-themovie.com/,Two worlds. One home.,2268,6.3,
87101,Terminator Genisys,2015-06-23,155000000.0,440603537.0,126,http://www.terminatormovie.com/,Reset the future,3631,5.8,
10140,The Chronicles of Narnia: The Voyage of the Dawn Treader,2010-08-13,155000000.0,415686217.0,113,nan,Return to magic. Return to hope. Return to Narnia.,1514,6.2,
676,Pearl Harbor,2001-05-21,140000000.0,449220945.0,183,nan,It takes a moment to change history. It takes love to change lives.,1791,6.6,
1858,Transformers,2007-06-27,150000000.0,709709780.0,144,http://www.transformersmovie.com/,Their war. Our world.,4040,6.6,
1966,Alexander,2004-11-21,155000000.0,167298192.0,175,nan,The greatest legend of all was real.,927,5.6,
675,Harry Potter and the Order of the Phoenix,2007-06-28,150000000.0,938212738.0,138,http://www.harrypotterorderofthephoenix.com/,Evil Must Be Confronted.,5494,7.4,
674,Harry Potter and the Goblet of Fire,2005-11-05,150000000.0,895921036.0,157,http://harrypotter.warnerbros.com/,Dark And Difficult Times Lie Ahead.,5608,7.5,
8960,Hancock,2008-07-01,150000000.0,624029371.0,92,http://www.sonypictures.com/movies/hancock/,Bad Behavior. Bad Attitude. Real Hero.,2961,6.2,
6479,I Am Legend,2007-12-14,150000000.0,585349010.0,101,http://iamlegend.warnerbros.com/,The last man on Earth is not alone,4853,6.9,
118,Charlie and the Chocolate Factory,2005-07-13,150000000.0,474968763.0,115,https://www.warnerbros.com/charlie-and-chocolate-factory,Willy Wonka is semi-sweet and nuts.,3624,6.7,
2062,Ratatouille,2007-06-22,150000000.0,623722818.0,111,http://disney.go.com/disneypictures/ratatouille/,He's dying to become a chef.,4369,7.5,
272,Batman Begins,2005-06-10,150000000.0,374218673.0,140,http://www2.warnerbros.com/batmanbegins/index.html,Evil fears the knight.,7359,7.5,
10527,Madagascar: Escape 2 Africa,2008-10-30,150000000.0,603900354.0,89,http://www.madagascar-themovie.com,Still together. Still lost!,1810,6.2,
18360,Night at the Museum: Battle of the Smithsonian,2009-05-20,150000000.0,413106170.0,105,http://www.nightatthemuseummovie.com,When the lights go off the battle is on.,1971,5.9,
2080,X-Men Origins: Wolverine,2009-04-28,150000000.0,373062864.0,107,http://www.x-menorigins.com/,Witness the Origin.,4021,6.2,
605,The Matrix Revolutions,2003-11-05,150000000.0,424988211.0,129,nan,Everything that has a beginning has an end.,3096,6.4,
109445,Frozen,2013-11-27,150000000.0,1274219009.0,102,http://movies.disney.com/frozen,Only the act of true love will thaw a frozen heart.,5295,7.3,
604,The Matrix Reloaded,2003-05-15,150000000.0,738599701.0,138,nan,Free your mind.,3443,6.7,
76338,Thor: The Dark World,2013-10-29,170000000.0,644571402.0,112,http://marvel.com/thor,Delve into the darkness,4755,6.8,
76341,Mad Max: Fury Road,2015-05-13,150000000.0,378858340.0,120,http://www.madmaxmovie.com/,What a Lovely Day.,9427,7.2,
13448,Angels & Demons,2009-05-13,150000000.0,356613439.0,138,http://www.angelsanddemons.com/,nan,2129,6.5,
10195,Thor,2011-04-21,150000000.0,449326618.0,115,http://thor.marvel.com/,Two worlds. One hero.,6525,6.6,
13053,Bolt,2008-11-21,150000000.0,309979994.0,98,http://movies.disney.com/bolt,Fully Awesome. Ridonculous. Let It Begin.,1750,6.3,
19585,G-Force,2009-07-21,150000000.0,292817841.0,88,http://disney.go.com/disneypictures/gforce/,The world needs bigger heroes,510,5.1,
57165,Wrath of the Titans,2012-03-27,150000000.0,301000000.0,99,http://www.wrathofthetitansmovie.org,Feel the Wrath,1431,5.5,
62213,Dark Shadows,2012-05-08,150000000.0,245527149.0,113,http://darkshadowsmovie.warnerbros.com,Every Family Has Its Demons,2320,5.7,
177677,Mission: Impossible - Rogue Nation,2015-07-23,150000000.0,682330139.0,131,http://www.missionimpossible.com,Desperate Times. Desperate Measures.,3224,7.1,
7978,The Wolfman,2010-02-11,150000000.0,,102,http://www.thewolfmanmovie.com/,When the moon is full the legend comes to life,549,5.5,
5559,Bee Movie,2007-10-28,150000000.0,287594577.0,91,http://www.beemovie.com/,Born to bee wild.,1171,5.7,
49444,Kung Fu Panda 2,2011-05-25,150000000.0,665692281.0,91,http://www.kungfupanda.com/,Prepare for the Year of Awesomeness!,1880,6.7,
10196,The Last Airbender,2010-06-30,150000000.0,318502923.0,103,http://www.thelastairbendermovie.com/,Four nations  one destiny,1151,4.7,
956,Mission: Impossible III,2006-05-03,150000000.0,397850012.0,126,http://www.missionimpossible.com/,The Mission Begins 05:05:06.,2028,6.5,
117251,White House Down,2013-06-27,150000000.0,205366737.0,131,nan,It will start like any other day.,1891,6.4,
50321,Mars Needs Moms,2011-03-09,150000000.0,38992758.0,88,http://disney.go.com/disneypictures/marsneedsmoms/#home,Mom needs a little space.,199,5.5,
11619,Flushed Away,2006-10-22,149000000.0,64459316.0,85,http://www.dreamworksanimation.com/flushed/,Someone's Going Down,874,6.0,
266647,Pan,2015-09-24,150000000.0,128388320.0,111,nan,Every legend has a beginning.,954,5.9,
82703,Mr. Peabody & Sherman,2014-02-07,145000000.0,272912430.0,92,nan,He's Leaving His Mark On History,843,6.7,
652,Troy,2004-05-13,175000000.0,497409852.0,163,nan,For passion. For honor. For destiny. For victory. For love.,2759,6.9,
80321,Madagascar 3: Europe's Most Wanted,2012-06-06,145000000.0,746921274.0,93,nan,Six years ago  they disappeared without a trace. Next summer  they finally resurface.,1808,6.4,
36669,Die Another Day,2002-11-17,140000000.0,431971116.0,133,http://www.mgm.com/view/movie/232/Die-Another-Day/,He’s never been cooler.,1092,5.8,
43074,Ghostbusters,2016-07-14,144000000.0,229147509.0,116,http://www.ghostbusters.com/,Who You Gonna Call?,2142,5.3,
95,Armageddon,1998-07-01,140000000.0,553799566.0,151,nan,The Earth's Darkest Day Will Be Man's Finest Hour,2482,6.4,
608,Men in Black II,2002-07-03,140000000.0,441818803.0,88,http://www.sonypictures.com/homevideo/meninblackii/,Same Planet. New Scum.,3114,6.0,
2310,Beowulf,2007-11-05,70000000.0,195735876.0,115,http://www.beowulfmovie.com/,Evil breeds pain.,841,5.5,
140300,Kung Fu Panda 3,2016-01-23,145000000.0,521170825.0,95,http://www.kungfupanda.com/,Grab destiny by the rice dumplings.,1603,6.7,
56292,Mission: Impossible - Ghost Protocol,2011-12-07,145000000.0,694713380.0,133,http://www.missionimpossible.com/,No Plan. No Backup. No Choice.,3972,6.8,
81188,Rise of the Guardians,2012-11-21,145000000.0,306941670.0,97,http://www.riseoftheguardians.com/,You better believe.,1922,7.1,
7552,Fun with Dick and Jane,2005-12-21,100000000.0,202026112.0,90,http://www.sonypictures.com/movies/funwithdickandjane/,Giving big businesses a run for their money!,627,5.9,
616,The Last Samurai,2003-12-05,140000000.0,456758981.0,154,nan,In the face of an enemy  in the heart of one man  lies the soul of a warrior.,1895,7.3,
147441,Exodus: Gods and Kings,2014-12-03,140000000.0,268031828.0,150,http://www.exodusgodsandkings.com/,Once brothers  now enemies.,1921,5.6,
13475,Star Trek,2009-05-06,150000000.0,385680446.0,127,nan,The future begins.,4518,7.4,
557,Spider-Man,2002-05-01,139000000.0,821708551.0,121,http://www.sonypictures.com/movies/spider-man/,With great power comes great responsibility.,5265,6.8,
82702,How to Train Your Dragon 2,2014-06-12,145000000.0,609123048.0,102,http://www.howtotrainyourdragon.com/,The training is over.,3106,7.6,
205584,Gods of Egypt,2016-02-25,140000000.0,150680864.0,127,nan,The battle for eternity begins,1277,5.3,
10048,Stealth,2005-07-28,135000000.0,76932943.0,121,nan,Fear The Sky,331,4.9,
13183,Watchmen,2009-03-05,130000000.0,185258983.0,163,https://www.warnerbros.com/watchmen,Justice is coming to all of us.  No matter what we do.,2811,7.0,
944,Lethal Weapon 4,1998-07-10,140000000.0,285444603.0,127,nan,The faces you love. The action you expect.,767,6.3,
1927,Hulk,2003-06-19,137000000.0,245360480.0,138,nan,Unleash the hero within,1533,5.3,
72559,G.I. Joe: Retaliation,2013-03-26,130000000.0,371876278.0,110,http://www.gijoemovie.com,nan,3025,5.4,
7364,Sahara,2005-04-06,130000000.0,119269486.0,124,nan,Dirk Pitt. Adventure has a new name.,434,5.7,
2114,Final Fantasy: The Spirits Within,2001-07-02,137000000.0,85131830.0,106,nan,Unleash a new reality,433,5.9,
1771,Captain America: The First Avenger,2011-07-22,140000000.0,370569774.0,124,http://captainamerica.marvel.com/,When patriots become heroes,7047,6.6,
36643,The World Is Not Enough,1999-11-08,135000000.0,361832400.0,128,http://www.mgm.com/view/movie/231/The-World-Is-Not-Enough/,As the countdown begins for the new millennium there is still one number you can always count on.,862,6.0,
8619,Master and Commander: The Far Side of the World,2003-11-14,150000000.0,212011111.0,138,http://www.masterandcommanderthefarsideoftheworld.com/,The courage to do the impossible lies in the hearts of men.,790,6.9,
50620,The Twilight Saga: Breaking Dawn - Part 2,2012-11-13,120000000.0,829000000.0,115,nan,The epic finale that will live forever,2553,6.1,
65759,Happy Feet Two,2011-11-17,130000000.0,150406466.0,100,http://happyfeettwo.warnerbros.com/index.html,Every step counts.,373,5.8,
1724,The Incredible Hulk,2008-06-12,150000000.0,163712074.0,114,nan,You'll like him when he's angry.,3021,6.1,
267935,The BFG,2016-06-01,140000000.0,183345589.0,120,http://movies.disney.com/the-bfg,The world is more giant than you can imagine.,1000,6.0,
281957,The Revenant,2015-12-25,135000000.0,532950503.0,156,http://www.foxmovies.com/movies/the-revenant,(n. One who has returned  as if from the dead.),6396,7.3,
77950,Turbo,2013-07-11,135000000.0,282570682.0,96,http://www.turbomovie.com/,SLO NO MO,1074,6.1,
44896,Rango,2011-03-02,135000000.0,245724603.0,107,http://www.rangomovie.com/,Heroes come in all different colors.,2051,6.6,
270946,Penguins of Madagascar,2014-11-22,132000000.0,373552094.0,92,nan,The Movie Event That Will Blow Their Cover,1346,6.5,
2503,The Bourne Ultimatum,2007-08-03,70000000.0,442824138.0,115,http://www.universalstudiosentertainment.com/the-bourne-ultimatum/,Remember everything. Forgive nothing.,2888,7.3,
9502,Kung Fu Panda,2008-06-04,130000000.0,631744560.0,90,http://www.kungfupanda.com/,Prepare for awesomeness.,3145,6.9,
102899,Ant-Man,2015-07-14,130000000.0,519311965.0,117,http://marvel.com/movies/movie/180/ant-man,Heroes don't get any bigger.,5880,7.0,
101299,The Hunger Games: Catching Fire,2013-11-15,130000000.0,847423452.0,146,http://www.thehungergames.movie/,Every revolution begins with a spark.,6495,7.4,
228161,Home,2015-03-18,135000000.0,368871007.0,94,http://www.meettheboov.com/,Worlds Collide,1519,6.8,
74,War of the Worlds,2005-06-28,132000000.0,591739379.0,116,nan,They're already here.,2322,6.2,
8961,Bad Boys II,2003-07-18,130000000.0,273339556.0,147,nan,If you can't stand the heat  get out of Miami.,1564,6.3,
417859,Puss in Boots,2011-10-28,130000000.0,554987477.0,90,nan,Live for danger. Fight for justice. Pray for mercy.,451,6.4,
27576,Salt,2010-07-21,110000000.0,293329073.0,100,http://www.sonypictures.com/homevideo/salt/,Who is Salt?,2093,6.2,
86834,Noah,2014-03-20,125000000.0,362637473.0,139,http://www.noahmovie.com,The end of the world is just the beginning.,2350,5.6,
17578,The Adventures of Tintin,2011-10-25,130000000.0,371940071.0,107,http://www.us.movie.tintin.com/,This year  discover how far adventure will take you.,2061,6.7,
673,Harry Potter and the Prisoner of Azkaban,2004-05-31,130000000.0,789804554.0,141,nan,Something wicked this way comes.,5877,7.7,
6972,Australia,2008-11-18,130000000.0,49554002.0,165,nan,Welcome to Australia!,694,6.3,
82700,After Earth,2013-05-30,130000000.0,243843127.0,100,nan,Danger is real  fear is a choice,2532,5.0,
10567,Dinosaur,2000-05-19,127500000.0,354248063.0,82,nan,You have never seen anything like this.,542,6.2,
181533,Night at the Museum: Secret of the Tomb,2014-12-17,127000000.0,349424282.0,97,nan,One Final Night to Save the Day.,1851,6.1,
38055,Megamind,2010-10-28,130000000.0,321887208.0,95,http://www.megamind.com,His brain is off the chain.,1918,6.7,
671,Harry Potter and the Philosopher's Stone,2001-11-16,125000000.0,976475550.0,152,http://harrypotter.warnerbros.com/harrypotterandthedeathlyhallows/mainsite/index.html,Let the Magic Begin.,7006,7.5,
49524,R.I.P.D.,2013-07-18,130000000.0,61648500.0,96,http://www.ripd.com/,To protect and serve the living,1260,5.4,
22,Pirates of the Caribbean: The Curse of the Black Pearl,2003-07-09,140000000.0,655011224.0,143,http://disney.go.com/disneyvideos/liveaction/pirates/main_site/main.html,Prepare to be blown out of the water.,6985,7.5,
131631,The Hunger Games: Mockingjay - Part 1,2014-11-18,125000000.0,752100229.0,123,http://www.thehungergames.movie/,Fire burns brighter in the darkness,5584,6.6,
591,The Da Vinci Code,2006-05-17,125000000.0,767820459.0,149,http://www.sonypictures.com/homevideo/thedavincicode/index.html,Seek the truth.,2704,6.5,
172385,Rio 2,2014-03-19,103000000.0,500188435.0,102,http://www.riomovies.com/,He's villainous  she's venomous.,978,6.3,
36658,X2,2003-04-24,110000000.0,407711549.0,133,nan,The time has come for those who are different to stand united.,3506,6.8,
51497,Fast Five,2011-04-20,125000000.0,626137675.0,130,http://www.watchvideoseries.com/movies/fast-five-2011-2/,Get the Fifth Gear.,2438,7.1,
58574,Sherlock Holmes: A Game of Shadows,2011-11-22,125000000.0,334615000.0,129,http://sherlockholmes2.warnerbros.com/index.html,The game is afoot.,3886,7.0,
18823,Clash of the Titans,2010-04-01,125000000.0,232713139.0,106,http://www.clash-of-the-titans.com/,Titans will clash.,2233,5.6,
861,Total Recall,1990-06-01,65000000.0,261317921.0,113,nan,They stole his mind  now he wants it back.,1710,7.1,
1911,The 13th Warrior,1999-08-27,160000000.0,61698899.0,102,nan,Prey for the living.,510,6.4,
49040,The Bourne Legacy,2012-08-08,130000000.0,276572938.0,120,http://www.thebournelegacy.com/,There Was Never Just One,2651,6.0,
415,Batman & Robin,1997-06-20,125000000.0,238207122.0,125,nan,Strength. Courage. Honor. And loyalty.,1418,4.2,
8871,How the Grinch Stole Christmas,2000-11-17,123000000.0,345141403.0,104,http://www.grinched.com/,He puts the mean in green.,1386,6.2,
435,The Day After Tomorrow,2004-05-26,125000000.0,544272402.0,124,http://www.thedayaftertomorrow.com/,Where will you be?,2392,6.2,
955,Mission: Impossible II,2000-05-24,125000000.0,546388105.0,123,http://www.missionimpossible.com/,Expect the impossible again.,1928,5.9,
2133,The Perfect Storm,2000-03-15,120000000.0,325756637.0,130,nan,The storm is coming.,597,6.2,
1979,Fantastic 4: Rise of the Silver Surfer,2007-06-13,130000000.0,289047763.0,92,nan,Discover the secret of the Surfer.,2589,5.4,
87827,Life of Pi,2012-11-20,120000000.0,609016565.0,127,http://www.lifeofpimovie.com/,Believe The Unbelievable,5797,7.2,
1250,Ghost Rider,2007-02-16,110000000.0,228738393.0,114,http://www.sonypictures.com/movies/ghostrider/,Hell Is About To Be Unleashed,1712,5.2,
324668,Jason Bourne,2016-07-27,120000000.0,415484914.0,123,http://www.jasonbournemovie.com,You know his name,2341,5.9,
9471,Charlie's Angels: Full Throttle,2003-06-27,120000000.0,259175788.0,106,nan,This summer the Angels are back.,914,5.2,
70981,Prometheus,2012-05-30,130000000.0,403170142.0,124,http://www.projectprometheus.com/,The Search for Our Beginning Could Lead to Our End.,5080,6.3,
10996,Stuart Little 2,2002-07-19,120000000.0,169956806.0,78,nan,A Little Goes A Long Way,613,5.4,
68724,Elysium,2013-08-07,115000000.0,286140700.0,109,nan,He can save us all.,3439,6.4,
2789,The Chronicles of Riddick,2004-06-11,105000000.0,115772733.0,119,nan,All the power in the universe can't change destiny,1570,6.3,
97020,RoboCop,2014-01-30,120000000.0,242688965.0,102,http://www.robocop.com,We've got the future under control.,2342,5.7,
7459,Speed Racer,2008-05-09,120000000.0,93945766.0,135,http://www.speedracerthemovie.warnerbros.com/,Go!,354,5.7,
42888,How Do You Know,2010-12-17,120000000.0,48668907.0,121,http://www.howdoyouknow-movie.com/,How do you know it's love?,223,4.9,
37834,Knight and Day,2010-06-15,117000000.0,261930431.0,109,http://www.knightanddaymovie.com,Every Hit Man Deserves a Second Shot!,1547,5.9,
75612,Oblivion,2013-04-10,120000000.0,286168572.0,124,https://www.uphe.com/movies/oblivion,Earth is a memory worth fighting for,4800,6.4,
1895,Star Wars: Episode III - Revenge of the Sith,2005-05-17,113000000.0,850000000.0,140,http://www.starwars.com/films/star-wars-episode-iii-revenge-of-the-sith,The saga is complete.,4116,7.1,
1894,Star Wars: Episode II - Attack of the Clones,2002-05-15,120000000.0,649398328.0,142,http://www.starwars.com/films/star-wars-episode-ii-attack-of-the-clones,A Jedi Shall Not Know Anger. Nor Hatred. Nor Love.,3992,6.4,
585,Monsters Inc.,2001-11-01,115000000.0,562816256.0,92,http://movies.disney.com/monsters-inc,We Scare Because We Care.,5996,7.5,
76170,The Wolverine,2013-07-23,120000000.0,415440673.0,126,http://www.thewolverinemovie.com,When he's most vulnerable  he's most dangerous.,4053,6.3,
1893,Star Wars: Episode I - The Phantom Menace,1999-05-19,115000000.0,924317558.0,136,http://www.starwars.com/films/star-wars-episode-i-the-phantom-menace,Every generation has a legend. Every journey has a first step. Every saga has a beginning.,4432,6.3,
49519,The Croods,2013-03-20,135000000.0,585178928.0,98,http://www.thecroodsmovie.com/,Meet the first modern family.,2399,6.8,
2395,Asterix at the Olympic Games,2008-01-13,97250400.0,132900000.0,116,http://www.asterixauxjeuxolympiques.com/index.php,nan,471,5.0,
12100,Windtalkers,2002-06-14,115000000.0,77628265.0,134,nan,Honor Was Their Code.,341,5.8,
290595,The Huntsman: Winter's War,2016-04-06,115000000.0,164602163.0,114,http://www.thehuntsmanmovie.com/,The story before Snow White,1523,6.0,
98566,Teenage Mutant Ninja Turtles,2014-08-07,125000000.0,477200000.0,101,http://www.teenagemutantninjaturtlesmovie.com,Mysterious. Dangerous. Reptilious. You've never seen heroes like this.,2636,5.8,
49047,Gravity,2013-09-27,105000000.0,716392705.0,91,http://gravitymovie.warnerbros.com/,Don't Let Go,5751,7.3,
9619,Dante's Peak,1997-02-07,116000000.0,178127760.0,108,nan,The pressure is building...,428,5.7,
308531,Teenage Mutant Ninja Turtles: Out of the Shadows,2016-06-01,135000000.0,245623848.0,112,http://www.teenagemutantninjaturtlesmovie.com/,Raise some shell.,963,5.8,
166424,Fantastic Four,2015-08-05,120000000.0,167977596.0,100,http://www.fantasticfourmovie.com/,Change is coming.,2278,4.4,
1593,Night at the Museum,2006-10-20,110000000.0,574480841.0,108,nan,Where History Comes To Life,2862,6.3,
254128,San Andreas,2015-05-27,110000000.0,470490832.0,114,http://www.sanandreasmovie.com/,A rescue pilot survived an earthquake  this is what happens next,2968,6.0,
714,Tomorrow Never Dies,1997-12-11,110000000.0,333011068.0,119,http://www.mgm.com/view/movie/2029/Tomorrow-Never-Dies/,Yesterday is a memory. Today is history. Tomorrow is in the hands of one man.,925,6.0,
2024,The Patriot,2000-06-28,110000000.0,215294342.0,165,nan,Some things are worth fighting for.,1099,6.8,
163,Ocean's Twelve,2004-12-09,110000000.0,362744280.0,125,http://oceans12.warnerbros.com/,Twelve is the new eleven.,2124,6.4,
787,Mr. & Mrs. Smith,2005-06-07,110000000.0,478207520.0,120,nan,Smart and sexy.,2965,6.5,
262500,Insurgent,2015-03-18,110000000.0,295238201.0,119,http://www.thedivergentseries.movie/#insurgent,One Choice Can Destroy You,3829,6.2,
2567,The Aviator,2004-12-17,116000000.0,102000000.0,170,nan,For some men  the sky was the limit. For him  it was just the beginning.,1489,7.0,
38745,Gulliver's Travels,2010-12-25,112000000.0,237382724.0,85,nan,Something big is going down.,621,4.9,
40805,The Green Hornet,2011-01-12,120000000.0,227817248.0,119,http://www.sonypictures.com/movies/thegreenhornet/,Breaking the Law to Protect It.,1251,5.5,
53182,300: Rise of an Empire,2014-03-05,110000000.0,337580051.0,102,http://www.300themovie.com/,Seize your glory!,2397,6.1,
41513,The Smurfs,2011-07-29,110000000.0,563749323.0,103,http://www.smurfhappens.com/,Smurf Happens.,1179,5.5,
13700,Home on the Range,2004-04-02,110000000.0,103951461.0,76,http://movies.disney.com/home-on-the-range,Bust a Moo,389,5.7,
262504,Allegiant,2016-03-09,110000000.0,179246868.0,121,http://www.thedivergentseries.movie/#allegiant,Break the boundaries of your world,1998,5.9,
39254,Real Steel,2011-09-28,110000000.0,299268508.0,127,http://www.steelgetsreal.com/,If you get one shot  make it real.,2692,6.6,
77931,The Smurfs 2,2013-07-30,105000000.0,347434178.0,105,http://smurfhappens.com,Get ready to get naughty!,695,5.5,
1639,Speed 2: Cruise Control,1997-06-13,160000000.0,164508066.0,121,nan,As the stakes get higher  the ride gets even faster.,434,4.1,
80274,Ender's Game,2013-10-23,110000000.0,125537191.0,114,http://www.if-sentinel.com/,This is not a game.,2303,6.6,
1571,Live Free or Die Hard,2007-06-20,110000000.0,383531464.0,128,nan,The old school cop is back!,2089,6.4,
120,The Lord of the Rings: The Fellowship of the Ring,2001-12-18,93000000.0,871368364.0,178,http://www.lordoftherings.net/,One ring to rule them all,8705,8.0,
10204,Around the World in 80 Days,2004-06-16,110000000.0,72178895.0,120,nan,Let your imagination soar.,672,5.7,
8489,Ali,2001-12-11,107000000.0,87713825.0,157,nan,Float like a butterfly and sting like a bee.,447,6.7,
10588,The Cat in the Hat,2003-11-21,,,82,nan,Don't mess with the hat.,366,4.9,
2048,I Robot,2004-07-15,120000000.0,347234916.0,115,nan,Laws are made to be broken.,3793,6.7,
1495,Kingdom of Heaven,2005-05-03,130000000.0,211643158.0,144,http://www.kingdomofheavendvd.com/,Be without fear in the face of your enemies. Safeguard the helpless  and do no wrong,1157,6.6,
10137,Stuart Little,1999-12-17,133000000.0,300135367.0,84,nan,The Little Family Just Got Bigger,959,5.8,
10198,The Princess and the Frog,2009-12-08,105000000.0,267045765.0,97,http://disney.go.com/disneypictures/princessandthefrog/,Every Love Story Begins With a Kiss...,1247,6.7,
286217,The Martian,2015-09-30,108000000.0,630161890.0,141,http://www.foxmovies.com/movies/the-martian,Bring Him Home,7268,7.6,
1635,The Island,2005-07-20,126000000.0,162949164.0,136,http://www.theisland-themovie.com/,Your time will come...,1770,6.5,
24113,Town & Country,2001-04-27,90000000.0,10372291.0,104,nan,There's no such thing as a small affair.,16,3.7,
9679,Gone in Sixty Seconds,2000-06-09,90000000.0,237202299.0,118,nan,Ice Cold  Hot Wired.,1485,6.1,
98,Gladiator,2000-05-01,103000000.0,457640427.0,155,nan,A Hero Will Rise.,5439,7.9,
180,Minority Report,2002-06-20,102000000.0,358372926.0,145,nan,The system is perfect until it comes after you.,2608,7.1,
672,Harry Potter and the Chamber of Secrets,2002-11-13,100000000.0,876688482.0,161,nan,Hogwarts is back in session.,5815,7.4,
36557,Casino Royale,2006-11-14,150000000.0,599045960.0,144,http://www.mgm.com/#/our-titles/233/Casino-Royale-(2006),Everyone has a past. Every legend has a beginning.,3855,7.3,
869,Planet of the Apes,2001-07-25,100000000.0,362211740.0,119,nan,You'll be sorry you were ever born human,1243,5.6,
280,Terminator 2: Judgment Day,1991-07-01,100000000.0,520000000.0,137,nan,It's nothing personal.,4185,7.7,
11322,Public Enemies,2009-07-01,80000000.0,214104620.0,140,http://www.publicenemies.net/,America's Most Wanted.,1344,6.5,
4982,American Gangster,2007-11-02,100000000.0,266465037.0,157,http://www.americangangster.net/,There are two sides to the American dream,1502,7.4,
36955,True Lies,1994-07-14,115000000.0,378882411.0,141,nan,When he said I do  he never said what he did.,1116,6.8,
18487,The Taking of Pelham 1 2 3,2009-06-11,100000000.0,150166126.0,106,http://www.sonypictures.com/movies/thetakingofpelham123/,I can't get it out of my head. I'm gonna die today.,954,6.2,
39451,Little Fockers,2010-12-21,100000000.0,310650585.0,98,http://www.littlefockers.net/,Kids bring everyone closer  right?,1060,5.4,
27581,The Other Guys,2010-08-06,100000000.0,170432927.0,107,http://www.theotherguys-movie.com/,When the cops are busy... Our only hope is...,1383,6.1,
9268,Eraser,1996-06-21,100000000.0,242295562.0,115,http://www.warnerbros.com/eraser,He will erase your past to protect your future.,543,5.6,
68718,Django Unchained,2012-12-25,100000000.0,425368238.0,165,http://unchainedmovie.com/,Life  liberty and the pursuit of vengeance.,10099,7.8,
10545,The Hunchback of Notre Dame,1996-06-21,100000000.0,100138851.0,91,nan,nan,1129,6.8,
11688,The Emperor's New Groove,2000-12-09,100000000.0,169327687.0,78,nan,It's All About.....ME!,1490,7.2,
76163,The Expendables 2,2012-08-08,100000000.0,312573423.0,103,http://theexpendables2film.com/,Back for War.,2896,6.1,
2059,National Treasure,2004-11-19,100000000.0,347451894.0,131,nan,The greatest adventure history has ever revealed.,1926,6.4,
2486,Eragon,2006-12-14,100000000.0,249288105.0,104,http://www.eragonmovie.com/,As darkness falls  the last dragon will choose its rider.,967,4.9,
16523,Where the Wild Things Are,2009-10-16,100000000.0,100086793.0,101,http://wherethewildthingsare.warnerbros.com/,There's one in all of us.,572,6.4,
116711,Epic,2013-05-15,100000000.0,268426634.0,102,nan,Discover a world beyond your imagination,1121,6.4,
37710,The Tourist,2010-12-08,100000000.0,278731369.0,103,http://thetourist-movie.com/,It all started when he met a woman,1699,6.0,
9946,End of Days,1999-11-24,100000000.0,211989043.0,121,http://www.end-of-days.com/,Prepare for the end.,482,5.5,
1372,Blood Diamond,2006-12-07,100000000.0,170877916.0,143,nan,It will cost you everything.,2281,7.3,
106646,The Wolf of Wall Street,2013-12-25,100000000.0,392000694.0,180,http://www.thewolfofwallstreet.com/,EARN. SPEND. PARTY.,6571,7.9,
414,Batman Forever,1995-05-31,100000000.0,336529144.0,121,nan,Courage now  truth always...,1498,5.2,
563,Starship Troopers,1997-11-06,105000000.0,121214377.0,129,nan,The only good bug is a dead bug.,1560,6.7,
83542,Cloud Atlas,2012-10-26,102000000.0,130482868.0,172,http://cloudatlas.warnerbros.com/,Everything is Connected,2977,6.6,
41216,Legend of the Guardians: The Owls of Ga'Hoole,2010-07-10,80000000.0,140073390.0,97,http://legendoftheguardians.warnerbros.com/,On his way to finding a legend...he will become one.,703,6.5,
314,Catwoman,2004-07-22,100000000.0,82102379.0,104,nan,CATch her in IMAX,808,4.2,
184315,Hercules,2014-07-23,100000000.0,243400000.0,99,nan,Before he was a legend  he was a man.,1680,5.6,
9016,Treasure Planet,2002-11-26,140000000.0,109578115.0,95,nan,Find your place in the universe.,948,7.2,
18162,Land of the Lost,2009-06-05,100000000.0,68688831.0,102,nan,Right place. Wrong time.,381,5.3,
138103,The Expendables 3,2014-08-04,90000000.0,206172544.0,127,http://theexpendables3film.com/,New team. New attitude. New mission.,1795,6.1,
257088,Point Break,2015-12-03,105000000.0,133718711.0,114,https://www.facebook.com/PointBreakMovie,The only law that matters is gravity,783,5.5,
10214,Son of the Mask,2005-02-18,84000000.0,,94,nan,Who's next?,338,3.6,
205775,In the Heart of the Sea,2015-11-20,100000000.0,93820758.0,122,http://www.intheheartoftheseamovie.com/,Based on the incredible true story that inspired Moby Dick,1276,6.5,
11692,The Adventures of Pluto Nash,2002-08-15,100000000.0,7103973.0,95,nan,Action's future has arrived...,142,4.4,
22972,Green Zone,2010-03-11,100000000.0,94882889.0,115,http://www.greenzonemovie.com/,Chief Warrant Officer Roy Miller is done following orders,717,6.4,
227973,The Peanuts Movie,2015-11-05,99000000.0,246233113.0,88,http://www.peanutsmovie.com/,The story of an underdog. And his dog.,604,6.5,
29193,The Spanish Prisoner,1997-09-08,10000000.0,13835130.0,110,nan,It's the oldest con in the book.,73,7.1,
1734,The Mummy Returns,2001-04-28,98000000.0,433013274.0,130,nan,The most powerful force on earth is about to be unleashed by the two people who should know better.,2206,6.0,
3131,Gangs of New York,2002-12-14,100000000.0,193772504.0,167,http://video.movies.go.com/gangsofnewyork/,America was born in the streets.,1910,7.1,
76758,The Flowers of War,2011-12-15,94000000.0,95311434.0,145,http://www.theflowersofwarmovie.com/,nan,187,7.1,
9408,Surf's Up,2007-06-08,85000000.0,149044513.0,85,http://www.sonypictures.com/homevideo/surfsup/,In the coldest place on Earth  he's the hottest thing around.,601,5.9,
9890,The Stepford Wives,2004-06-10,90000000.0,102000000.0,93,nan,The wives of Stepford have a secret.,334,5.4,
855,Black Hawk Down,2001-12-28,92000000.0,172989651.0,144,nan,Leave No Man Behind.,1811,7.2,
77953,The Campaign,2012-08-09,,104907746.0,85,nan,May The Best Loser Win.,578,5.6,
18,The Fifth Element,1997-05-07,90000000.0,263920180.0,126,nan,There is no future without it.,3885,7.3,
37786,Sex and the City 2,2010-05-26,100000000.0,288347692.0,146,http://www.sexandthecitymovie.com/,Carrie on.,426,5.4,
10501,The Road to El Dorado,2000-03-31,95000000.0,76432727.0,89,nan,They came for the gold... they stayed for the adventure.,858,7.0,
57800,Ice Age: Continental Drift,2012-06-26,95000000.0,877244782.0,88,http://www.iceagemovies.com/films/ice-age-continental-drift,Manny  Diego  and Sid embark upon another adventure after their continent is set adrift.,2672,6.2,
150689,Cinderella,2015-03-12,95000000.0,543514353.0,105,http://movies.disney.com/cinderella,Midnight is just the beginning.,2374,6.7,
7980,The Lovely Bones,2009-12-26,65000000.0,93525586.0,136,http://www.lovelybones.com,The story of a life and everything that came after...,1065,6.6,
12,Finding Nemo,2003-05-30,94000000.0,940335536.0,100,http://movies.disney.com/finding-nemo,There are 3.7 trillion fish in the ocean  they're looking for one.,6122,7.6,
122,The Lord of the Rings: The Return of the King,2003-12-01,94000000.0,1118888979.0,201,http://www.lordoftherings.net,The eye of the enemy is moving.,8064,8.1,
121,The Lord of the Rings: The Two Towers,2002-12-18,79000000.0,926287400.0,179,http://www.lordoftherings.net/,A New Power Is Rising.,7487,8.0,
68737,Seventh Son,2014-12-12,95000000.0,114178613.0,102,http://www.seventhsonmovie.com/,When darkness falls  the son will rise. When the son falls  the dark knight will rise.,957,5.2,
1995,Lara Croft: Tomb Raider,2001-06-11,115000000.0,274703340.0,100,nan,Born into Wealth. Groomed by the Elite. Trained for Combat.,2192,5.7,
157353,Transcendence,2014-04-16,100000000.0,103039258.0,119,nan,Yesterday  Dr. Will Caster was only human...,2295,5.9,
331,Jurassic Park III,2001-07-18,93000000.0,368780809.0,92,nan,This time  it's not just a walk in the park!,2077,5.7,
61791,Rise of the Planet of the Apes,2011-08-03,93000000.0,482860185.0,105,http://www.apeswillrise.com/,Evolution Becomes Revolution.,4347,7.0,
8204,The Spiderwick Chronicles,2008-02-14,90000000.0,162839667.0,95,nan,Their World Is Closer Than You Think.,572,6.3,
47964,A Good Day to Die Hard,2013-02-06,92000000.0,304654182.0,98,http://www.diehardmovie.com/,Yippee Ki-Yay Mother Russia,3493,5.2,
10733,The Alamo,2004-04-07,145000000.0,25819961.0,137,nan,You will never forget,106,5.8,
9806,The Incredibles,2004-11-05,92000000.0,631442092.0,115,http://disney.go.com/disneyvideos/animatedfilms/incredibles/main.html,No gut  no glory,5152,7.4,
1408,Cutthroat Island,1995-12-22,98000000.0,10017322.0,119,nan,The Course Has Been Set. There Is No Turning Back. Prepare Your Weapons. Summon Your Courage. Discover the Adventure of a Lifetime!,136,5.7,
32657,Percy Jackson & the Olympians: The Lightning Thief,2010-02-01,95000000.0,226497209.0,118,nan,Worlds Collide,2010,6.0,
607,Men in Black,1997-07-02,90000000.0,589390539.0,98,http://www.sonypictures.com/homevideo/meninblack/,Protecting the Earth from the scum of the universe.,4412,6.9,
863,Toy Story 2,1999-10-30,90000000.0,497366869.0,92,http://toystory.disney.com/toy-story-2,The toys are back!,3806,7.3,
44048,Unstoppable,2010-11-04,100000000.0,167805466.0,98,nan,1 000 000 Tons. 100 000 Lives. 100 Minutes.,1165,6.3,
5175,Rush Hour 2,2001-08-03,90000000.0,347325802.0,90,nan,Get ready for a second Rush!,1054,6.4,
2655,What Lies Beneath,2000-07-21,100000000.0,155464351.0,130,nan,He was the perfect husband until his one mistake followed them home.,488,6.3,
22794,Cloudy with a Chance of Meatballs,2009-09-17,100000000.0,242988466.0,90,http://www.cloudywithachanceofmeatballs.com/,Prepare to get served.,1747,6.5,
8355,Ice Age: Dawn of the Dinosaurs,2009-06-29,90000000.0,886686817.0,94,http://www.iceagemovies.com/films/ice-age-dawn-of-the-dinosaurs,You Won't Believe Your Ice!,2271,6.5,
116745,The Secret Life of Walter Mitty,2013-12-18,90000000.0,188133322.0,114,nan,Stop Dreaming  Start Living,3144,7.0,
4327,Charlie's Angels,2000-11-02,92000000.0,264105545.0,98,nan,Get Some Action,1232,5.6,
1422,The Departed,2006-10-05,90000000.0,289847354.0,151,http://thedeparted.warnerbros.com/,Lies. Betrayal. Sacrifice. How far will you take it?,4339,7.9,
10674,Mulan,1998-06-18,90000000.0,304320254.0,88,nan,This time  the princess saves the prince.,2008,7.6,
7446,Tropic Thunder,2008-08-09,92000000.0,188072649.0,107,http://www.tropicthunder.com/,The movie they think they're making... isn't a movie anymore.,1667,6.5,
65754,The Girl with the Dragon Tattoo,2011-12-14,90000000.0,232617430.0,158,http://dragontattoo.com/,Evil shall with evil be expelled.,2434,7.2,
1572,Die Hard: With a Vengeance,1995-05-19,90000000.0,366101666.0,128,nan,Think fast. Look alive. Die hard.,2066,6.9,
10528,Sherlock Holmes,2009-12-23,90000000.0,524028679.0,128,http://sherlock-holmes-movie.warnerbros.com/,Nothing escapes him.,5766,7.0,
271969,Ben-Hur,2016-08-17,100000000.0,94061311.0,125,http://www.benhurmovie.com/,First to finish. Last to die.,621,5.3,
10865,Atlantis: The Lost Empire,2001-06-02,120000000.0,186053725.0,95,http://www.disney.com/atlantis,Atlantis is waiting...,1224,6.7,
258509,Alvin and the Chipmunks: The Road Chip,2015-12-17,,233755553.0,92,http://www.foxmovies.com/movies/alvin-and-the-chipmunks-the-road-chip,Fast & furry-ous,428,5.8,
2253,Valkyrie,2008-12-25,75000000.0,200276000.0,121,nan,Many saw evil. They dared to stop it.,1173,6.7,
10661,You Don't Mess with the Zohan,2008-06-05,90000000.0,201596308.0,113,http://www.youdontmesswiththezohan.com/,Lather. Rinse. Save the world.,1048,5.5,
257344,Pixels,2015-07-16,88000000.0,243637091.0,105,http://www.pixels-movie.com/,Game On.,2513,5.6,
644,A.I. Artificial Intelligence,2001-06-29,100000000.0,235926552.0,146,nan,David is 11 years old. He weighs 60 pounds. He is 4 feet  6 inches tall. He has brown hair. His love is real. But he is not.,1974,6.8,
10756,The Haunted Mansion,2003-11-25,90000000.0,182290266.0,99,nan,Check your pulse at the door... if you have one.,466,5.2,
686,Contact,1997-07-11,90000000.0,171120329.0,150,http://www.warnerbros.com/contact,If it's just us  it seems like an awful waste of space.,1308,7.2,
9383,Hollow Man,2000-08-04,95000000.0,190213455.0,112,nan,What would you do if you knew you couldn't be seen?,634,5.6,
179,The Interpreter,2005-04-08,80000000.0,162944923.0,128,http://www.theinterpretermovie.com/,The truth needs no translation.,392,6.2,
76285,Percy Jackson: Sea of Monsters,2013-08-07,90000000.0,174578751.0,106,http://www.percyjacksonthemovie.com/us/#!/home,Where There Are Gods  There Are Monsters.,1648,5.9,
1996,Lara Croft Tomb Raider: The Cradle of Life,2003-07-21,95000000.0,156505388.0,117,nan,Adventuress Lara Croft goes on a quest to save the mythical Pandora's Box,1418,5.5,
291805,Now You See Me 2,2016-06-02,90000000.0,334901337.0,129,http://nowyouseeme.movie,You Haven't Seen Anything Yet,3235,6.7,
10003,The Saint,1997-04-03,68000000.0,118063304.0,116,nan,Never reveal your name. Never turn your back. Never surrender your heart.,302,5.9,
1535,Spy Game,2001-11-18,92000000.0,143049560.0,126,nan,It's not how you play the game. It's how the game plays you.,579,6.8,
2067,Mission to Mars,2000-03-10,90000000.0,60874615.0,114,nan,Let There Be Life.,369,5.7,
46195,Rio,2011-04-03,90000000.0,484635760.0,96,http://www.riomovies.com/,1 out of every 8 Americans is afraid of flying. Most of them don't have feathers.,2166,6.5,
2277,Bicentennial Man,1999-12-17,100000000.0,93700000.0,131,nan,One robot's 200 year journey to become an ordinary man.,963,6.9,
10357,Volcano,1997-04-25,90000000.0,,104,nan,The coast is toast,376,5.2,
4477,The Devil's Own,1997-03-12,90000000.0,140807547.0,107,nan,They come from different worlds. They fight for different causes. Now  two men from opposite sides of the law are about to go to war.,290,5.9,
8665,K-19: The Widowmaker,2002-07-19,100000000.0,35168966.0,138,nan,Fate has found its hero.,264,6.1,
9387,Conan the Barbarian,1982-04-02,20000000.0,79114085.0,129,nan,Thief. Warrior. Gladiator. King.,650,6.6,
921,Cinderella Man,2005-06-02,88000000.0,108539911.0,144,http://www.cinderellamanmovie.com/index.php,One man's extraordinary fight to save the family he loved.,616,7.3,
49852,The Nutcracker: The Untold Story,2010-11-24,90000000.0,16178959.0,110,http://www.nutcrackerin3d.com/,nan,50,5.4,
4464,Seabiscuit,2003-07-22,87000000.0,148336445.0,141,http://www.seabiscuitmovie.com/,The hopes of a nation rode on a long shot.,216,6.7,
664,Twister,1996-05-10,92000000.0,494471524.0,113,nan,The Dark Side of Nature.,950,6.1,
8358,Cast Away,2000-12-22,90000000.0,429632142.0,143,nan,At the edge of the world  his journey begins.,3218,7.5,
9836,Happy Feet,2006-11-16,100000000.0,384335608.0,108,http://www.warnerbros.com/happy-feet,WARNING: May Cause Toe-Tapping.,1410,5.9,
2502,The Bourne Supremacy,2004-07-23,75000000.0,288500217.0,108,https://www.uphe.com/movies/the-bourne-supremacy,They should have left him alone.,2825,7.2,
9772,Air Force One,1997-07-25,85000000.0,315156409.0,124,nan,The fate of a nation rests on the courage of one man.,840,6.2,
161,Ocean's Eleven,2001-12-07,85000000.0,450717150.0,116,http://www.warnerbros.co.uk/movies/oceans-eleven,Are you in or out?,3783,7.2,
52451,The Three Musketeers,2011-08-31,75000000.0,132274484.0,110,http://www.threemusketeers-movie.com/,Every legend has a new beginning.,924,5.6,
76492,Hotel Transylvania,2012-09-20,85000000.0,358375603.0,91,http://www.welcometohotelt.com,Where monsters go to get away from it all,2566,6.8,
4523,Enchanted,2007-11-20,85000000.0,340487652.0,107,http://disney.go.com/disneypictures/enchanted/,This fairytale princess is about to meet a real Prince Charming,1449,6.6,
59961,Safe House,2012-02-09,85000000.0,208076205.0,115,http://www.nooneissafe.com,No one is safe,1345,6.3,
10481,102 Dalmatians,2000-10-07,85000000.0,183611771.0,100,nan,Meet Two Unlikely Heroes With A Bone To Pick.,313,5.1,
59108,Tower Heist,2011-11-02,75000000.0,152930623.0,104,http://www.towerheist.com/index.php,Ordinary guys. An extraordinary robbery.,932,5.8,
1581,The Holiday,2006-12-08,85000000.0,194168700.0,136,http://www.sonypictures.com/movies/theholiday/,It's Christmas Eve and we are going to go celebrate being young and being alive.,1225,6.7,
9798,Enemy of the State,1998-11-20,90000000.0,250649836.0,132,nan,It's not paranoia if they're really after you.,1240,6.7,
22897,It's Complicated,2009-12-23,85000000.0,219103655.0,121,http://itscomplicatedmovie.com/,First comes marriage. Then comes divorce. And then...,360,6.2,
298,Ocean's Thirteen,2007-06-07,85000000.0,311312624.0,122,http://oceans13.warnerbros.com/,What are the odds of getting even? 13 to one.,1999,6.5,
7484,Open Season,2006-09-29,85000000.0,197309027.0,83,http://www.sonypictures.com/movies/openseason/,One Fur All & All Fur One,656,6.1,
157350,Divergent,2014-03-14,85000000.0,288747895.0,139,http://www.thedivergentseries.movie/#divergent,What makes you different makes you dangerous.,4663,6.9,
853,Enemy at the Gates,2001-03-13,68000000.0,96976270.0,131,nan,Some Men Are Born To Be Heroes.,999,7.2,
10159,The Rundown,2003-09-26,85000000.0,80916492.0,104,http://www.therundown.com/,cut to the chase,514,6.4,
9593,Last Action Hero,1993-06-18,85000000.0,137298489.0,130,nan,This isn't the movies anymore.,712,6.1,
1904,Memoirs of a Geisha,2005-12-06,85000000.0,162242962.0,145,http://www.sonypictures.com/homevideo/memoirsofageisha/index.html,My world is as forbidden as it is fragile,
9615,The Fast and the Furious: Tokyo Drift,2006-06-03,85000000.0,158468292.0,104,http://www.thefastandthefurious3.com/,On the streets of Tokyo  speed needs no translation...,1705,6.1,
51052,Arthur Christmas,2011-02-22,,,97,http://www.arthurchristmas.com/,Ever wonder how 2 Billion presents get delivered all in 1 night?,333,6.7,
297,Meet Joe Black,1998-11-12,90000000.0,142940100.0,178,http://www.meetjoeblack.com/,Sooner or later everyone does.,1147,6.9,
9884,Collateral Damage,2002-02-06,85000000.0,78382433.0,108,http://www.wbshop.com/product/code/1000040993.do,What would you do if you lost everything?,427,5.5,
16858,All That Jazz,1979-12-20,,37823676.0,123,nan,All that work. All that glitter. All that pain. All that love. All that crazy rhythm. All that jazz.,85,7.3,
62764,Mirror Mirror,2012-03-15,85000000.0,183018522.0,106,nan,The Snow White legend comes alive.,1114,5.5,
22538,Scott Pilgrim vs. the World,2010-07-27,60000000.0,47664559.0,112,http://www.scottpilgrimthemovie.com/,Get the hot girl. Defeat her evil exes. Hit love where it hurts.,2126,7.2,
9341,The Core,2003-03-28,60000000.0,74208267.0,136,nan,Earth has a deadline.,516,5.4,
12107,Nutty Professor II: The Klumps,2000-07-27,84000000.0,123307945.0,106,nan,The Klumps are back!,332,4.7,
9637,Scooby-Doo,2002-06-14,84000000.0,275650703.0,88,nan,Get a Clue,820,5.4,
49049,Dredd,2012-09-07,50000000.0,41037742.0,95,http://dreddthemovie.com/,Judgement is coming,1940,6.6,
9339,Click,2006-06-22,82500000.0,237681299.0,107,nan,What If You Had A Remote... That Controlled Your Universe?,2104,6.0,
16281,Creepshow,1982-11-12,8000000.0,21028755.0,120,nan,The Most Fun You'll Ever Have... BEING SCARED!,226,6.7,
39691,Cats & Dogs 2 : The Revenge of Kitty Galore,2010-07-30,85000000.0,112483764.0,82,http://catsanddogsmovie.warnerbros.com/,Just like real spies... only furrier.,119,4.9,
8247,Jumper,2008-02-10,85000000.0,222231186.0,88,http://www.fox.co.uk/jumper,anywhere is possible.,1799,5.9,
11253,Hellboy II: The Golden Army,2008-07-11,85000000.0,160388063.0,120,nan,Saving the world is a hell of a job.,1527,6.5,
1949,Zodiac,2007-03-02,65000000.0,84785914.0,157,nan,There's more than one way to lose your life to a killer.,2023,7.3,
8452,The 6th Day,2000-11-17,82000000.0,96085477.0,123,nan,Are You Who You Think You Are,595,5.7,
310,Bruce Almighty,2003-05-23,80000000.0,484572835.0,101,http://www.brucealmighty.com/,In Bruce we trust,3012,6.4,
27578,The Expendables,2010-08-03,80000000.0,274470394.0,103,http://expendablesthemovie.com/,Choose Your Weapon.,2926,6.0,
954,Mission: Impossible,1996-05-22,80000000.0,457696359.0,110,http://www.missionimpossible.com/,Expect the Impossible.,2631,6.7,
70160,The Hunger Games,2012-03-12,75000000.0,691210692.0,142,http://www.thehungergames.movie/,May The Odds Be Ever In Your Favor.,9455,6.9,
45243,The Hangover Part II,2011-05-25,80000000.0,254455986.0,102,http://hangoverpart2.warnerbros.com/,The Wolfpack Is Back,3739,6.2,
364,Batman Returns,1992-06-19,80000000.0,280000000.0,126,nan,The Bat  the Cat  the Penguin.,1673,6.6,
7518,Over the Hedge,2006-04-22,80000000.0,343397247.0,83,nan,Taking back the neighborhood... One snack at a time.,1074,6.3,
11544,Lilo & Stitch,2002-06-21,80000000.0,145771527.0,85,nan,He's coming to our galaxy.,1314,7.1,
9986,Charlotte's Web,2006-12-15,85000000.0,144000000.0,97,nan,Something unexpected  unbelievable  unforgettable.,288,5.8,
8656,Deep Impact,1998-05-08,75000000.0,140464664.0,120,nan,Heaven and Earth are about to collide.,855,5.9,
146216,RED 2,2013-07-18,84000000.0,,116,http://red-themovie.com/,The best never rest.,1526,6.4,
9291,The Longest Yard,2005-05-19,82000000.0,190320568.0,113,nan,If you can't get out  get even.,785,6.2,
55301,Alvin and the Chipmunks: Chipwrecked,2011-12-14,75000000.0,342695435.0,87,http://www.munkyourself.com/,This holiday it's gonna get squeaky.,484,5.4,
109418,Grown Ups 2,2013-07-11,80000000.0,246984278.0,100,http://www.sonypictures.com/movies/grownups2,Just because they're a little older doesn't mean they've grown up.,1155,5.8,
11665,Get Smart,2008-06-19,80000000.0,230685453.0,110,http://getsmartmovie.warnerbros.com/,Saving The World...And Loving It!,1051,6.0,
6964,Something's Gotta Give,2003-12-12,80000000.0,266728738.0,128,nan,Schmucks are people too.,410,6.3,
11324,Shutter Island,2010-02-18,80000000.0,294804195.0,138,http://www.shutterisland.com/,Someone is missing.,6336,7.8,
12193,Four Christmases,2008-11-26,80000000.0,163733697.0,88,nan,His father  her mother  his mother and her father all in one day.,331,5.3,
9928,Robots,2005-03-10,75000000.0,260696994.0,91,nan,You can shine no matter what you're made of.,1333,6.0,
754,Face/Off,1997-06-27,80000000.0,245676146.0,138,nan,In order to catch him  he must become him.,1583,6.8,
10202,Bedtime Stories,2008-12-24,80000000.0,212874442.0,99,nan,Whatever they dream up... he has to survive.,901,5.9,
4147,Road to Perdition,2002-07-12,80000000.0,181001478.0,117,nan,Pray for Michael Sullivan.,1077,7.3,
50546,Just Go with It,2011-02-10,80000000.0,214918407.0,117,http://www.justgowithit-movie.com,Sometimes a guy's best wingman... is a wingwoman,1543,6.3,
1701,Con Air,1997-06-01,75000000.0,224012234.0,115,nan,They were deadly on the ground,
13027,Eagle Eye,2008-09-25,80000000.0,178066569.0,118,nan,Don't walk. Run.,1018,6.3,
2289,Cold Mountain,2003-12-24,79000000.0,173013509.0,154,nan,Find the strength. Find the courage. No matter what it takes... find the way home.,533,6.7,
20504,The Book of Eli,2010-01-14,80000000.0,157107755.0,118,nan,Some will kill to have it. He will kill to protect it.,2164,6.6,
9574,Flubber,1997-11-26,80000000.0,177977226.0,93,nan,Catch it if you can!,695,5.3,
11618,The Haunting,1999-07-23,80000000.0,91188905.0,113,nan,Some houses are born bad.,369,5.2,
2300,Space Jam,1996-11-15,80000000.0,250200000.0,88,http://www.warnerbros.com/archive/spacejam/movie/jam.htm,Get ready to jam.,1288,6.5,
12096,The Pink Panther,2006-01-18,,,93,nan,Pardon His French.,550,5.6,
10200,The Day the Earth Stood Still,2008-12-10,80000000.0,233093859.0,104,nan,12.12.08 is the Day the Earth Stood Still,1043,5.2,
8834,Conspiracy Theory,1997-08-07,75000000.0,136982834.0,135,nan,What if your most paranoid nightmares had just come true?,431,6.5,
228150,Fury,2014-10-15,68000000.0,211817906.0,135,nan,War never ends quietly.,3946,7.4,
6068,Six Days Seven Nights,1998-06-12,70000000.0,164000000.0,98,nan,After this week in paradise  they’re going to need a vacation.,332,5.6,
41515,Yogi Bear,2010-12-11,80000000.0,201584141.0,80,http://www.yogibear.com/,Life's a Pic-A-Nic,220,5.2,
9023,Spirit: Stallion of the Cimarron,2002-05-24,80000000.0,122563539.0,83,nan,Leader. Hero. Legend.,831,7.4,
38317,Zookeeper,2011-07-06,80000000.0,169852759.0,102,http://www.zookeeper-movie.com/,Welcome to his jungle.,498,5.3,
2157,Lost in Space,1998-04-03,80000000.0,136159423.0,130,nan,Danger  Will Robinson!,388,5.0,
14462,The Manchurian Candidate,2004-07-30,80000000.0,96105964.0,129,nan,This summer everything is under control.,393,6.2,
161795,Déjà Vu,1998-04-22,,,117,nan,Your future is set...,1,8.0,
159824,Hotel Transylvania 2,2015-09-21,80000000.0,473226958.0,89,nan,They're back to raise a little terror,1497,6.7,
49948,Fantasia 2000,1999-12-17,80000000.0,90874570.0,74,http://movies.disney.com/fantasia-2000,nan,292,7.0,
2135,The Time Machine,2002-03-04,80000000.0,123729176.0,96,http://timemachine.countingdown.com/,The greatest adventure THROUGH all time!,631,5.8,
9822,Mighty Joe Young,1998-12-25,90000000.0,,114,nan,Survival is an instinct.,208,5.9,
9705,Swordfish,2001-06-07,102000000.0,147080413.0,99,nan,Log On. Hack In. Go Anywhere. Get Everything.,932,6.1,
1656,The Legend of Zorro,2005-10-24,75000000.0,142400065.0,129,http://www.sonypictures.com/homevideo/thelegendofzorro/index.html,The original caped crusader is back!,893,5.9,
12159,What Dreams May Come,1998-10-02,85000000.0,71485043.0,113,nan,After life there is more. The end is just the beginning.,577,6.8,
9678,Little Nicky,2000-11-10,85000000.0,,90,nan,He's Never Been To Earth. He's Never Even Slept Over Some Other Dude's House.,438,5.2,
4442,The Brothers Grimm,2005-08-26,88000000.0,105316267.0,118,nan,Eliminating Evil Since 1812.,818,5.6,
75,Mars Attacks!,1996-12-12,70000000.0,101371017.0,106,http://marsattacks.warnerbros.com/,Nice planet. We'll take it!,1509,6.1,
330770,Evolution,2015-09-14,,,81,nan,nan,47,6.4,
9433,The Edge,1997-09-06,,43312294.0,117,nan,They were fighting over a woman when the plane went down. Now  their only chance for survival is each other.,349,6.7,
19959,Surrogates,2009-09-24,80000000.0,122444772.0,89,http://chooseyoursurrogate.com/,How do you save humanity when the only thing that's real is you?,1195,5.9,
11973,Thirteen Days,2000-12-24,80000000.0,34566746.0,145,nan,You'll never believe how close we came,189,6.9,
11228,Daylight,1996-12-06,80000000.0,159212469.0,115,nan,No air. No escape. No time.,378,5.8,
77951,Walking With Dinosaurs,2013-12-18,80000000.0,126546518.0,87,http://www.walkingwithdinosaurs.com/movie/,The Greatest Adventure in 70 Million Years,133,5.2,
5491,Battlefield Earth,2000-05-10,44000000.0,21400000.0,118,nan,Take Back The Planet,255,3.0,
10715,Looney Tunes: Back in Action,2003-11-14,80000000.0,68514844.0,90,nan,Real life has never been so animated.,297,5.6,
10197,Nine,2009-12-03,80000000.0,53825515.0,112,http://nine-movie.com/,This Holiday Season  Be Italian,165,5.1,
9562,Timeline,2003-11-26,80000000.0,19480739.0,116,nan,They had to travel into the past to save the future,318,5.4,
9922,The Postman,1997-12-25,80000000.0,17626234.0,177,nan,The year is 2013. One man walked in off the horizon and hope came with him.,299,6.1,
9447,Babe: Pig in the City,1998-11-25,90000000.0,69131860.0,92,nan,This little pig went to the city...,305,5.2,
274854,The Last Witch Hunter,2015-10-21,90000000.0,146936910.0,106,http://www.thelastwitchhunter.movie/,Hunt forever.,1316,5.7,
8870,Red Planet,2000-11-10,80000000.0,33463969.0,106,nan,Not A Sound. Not A Warning. Not A Chance. Not Alone.,267,5.4,
9992,Arthur and the Invisibles,2006-12-13,86000000.0,107944236.0,94,nan,Adventure awaits in your own backyard.,639,6.0,
36970,Oceans,2009-10-17,,19406406.0,84,http://oceans-lefilm.com/,Explore the depths of our planet's oceans.  Experience the stories that connect their world to ours.,111,7.3,
10077,A Sound of Thunder,2005-05-15,80000000.0,5989640.0,110,http://asoundofthunder.warnerbros.com/,Some Rules Should Never Be Broken.,111,4.8,
76649,Pompeii,2014-02-18,130000000.0,117831631.0,105,nan,No warning. No escape.,1267,5.2,
293644,Top Cat Begins,2015-10-30,8000000.0,,89,nan,nan,9,5.3,
453,A Beautiful Mind,2001-12-11,60000000.0,313542341.0,135,http://www.abeautifulmind.com/,I need to believe that something extra ordinary is possible...,3009,7.7,
8587,The Lion King,1994-06-23,45000000.0,788241776.0,89,http://movies.disney.com/the-lion-king,Life's greatest adventure is finding your place in the Circle of Life.,5376,8.0,
72545,Journey 2: The Mysterious Island,2012-01-19,79000000.0,355692760.0,94,http://www.themysteriousisland.com/,Believe the Impossible. Discover the Incredible.,1030,5.8,
109451,Cloudy with a Chance of Meatballs 2,2013-09-26,78000000.0,248384621.0,95,nan,Something big was leftover.,915,6.4,
9533,Red Dragon,2002-09-29,78000000.0,209196298.0,124,nan,Before the Silence.,1115,6.7,
2023,Hidalgo,2004-03-05,100000000.0,108103450.0,136,nan,Unbridled. Unbroken. Unbeaten.,318,6.5,
71880,Jack and Jill,2011-11-11,79000000.0,149673788.0,91,http://www.jackandjill-movie.com/,His twin sister is coming for the holidays... ...and it ain't pretty.,604,4.1,
